Shipment ID,Latitude,Longitude,Delivery Timeslot
1,19.080268,72.850804,09:30:00-12:00:00
2,19.11211,72.898355,09:30:00-12:00:00
3,19.058145,72.834377,07:00:00-09:30:00
4,19.176505,72.962189,12:00:00-14:30:00
5,19.148967,72.931665,09:30:00-12:00:00
6,19.071963,72.834751,09:30:00-12:00:00
7,19.119317,72.862686,07:00:00-09:30:00
8,19.032864,72.838498,07:00:00-09:30:00
9,19.056357,72.848089,09:30:00-12:00:00
10,19.158036,72.93586,09:30:00-12:00:00
11,19.072923,72.827153,09:30:00-12:00:00
12,18.934055,72.825184,09:30:00-12:00:00
13,19.126647,72.862368,09:30:00-12:00:00
14,18.91687,72.817926,09:30:00-12:00:00
15,19.006116,72.828836,09:30:00-12:00:00
16,19.115787,72.906585,09:30:00-12:00:00
17,19.117864,72.867801,09:30:00-12:00:00
18,18.961512,72.801239,09:30:00-12:00:00
19,19.105524,72.897726,07:00:00-09:30:00
21,19.053822,72.823774,09:30:00-12:00:00
22,19.015895,72.837445,09:30:00-12:00:00
23,19.007079,72.82519,07:00:00-09:30:00
24,19.13343,72.913268,07:00:00-09:30:00
25,19.135509,72.908397,07:00:00-09:30:00
26,19.013532,72.832831,09:30:00-12:00:00
27,18.995424,72.821827,07:00:00-09:30:00
28,18.967006,72.847926,07:00:00-09:30:00
29,18.962749,72.801534,07:00:00-09:30:00
30,19.121727,72.939118,09:30:00-12:00:00
31,19.079658,72.846063,07:00:00-09:30:00
32,19.145106,72.935011,09:30:00-12:00:00
33,18.952578,72.827407,09:30:00-12:00:00
34,19.116994,72.891654,09:30:00-12:00:00
35,19.144887,72.936119,07:00:00-09:30:00
36,19.158489,72.947391,09:30:00-12:00:00
37,19.114814,72.902118,09:30:00-12:00:00
38,19.055586,72.832014,09:30:00-12:00:00
39,19.007802,72.833969,07:00:00-09:30:00
40,19.054157,72.828409,09:30:00-12:00:00
42,18.970851,72.835739,09:30:00-12:00:00
43,19.0587,72.8291,07:00:00-09:30:00
44,19.116378,72.847906,07:00:00-09:30:00
45,18.983962,72.836705,09:30:00-12:00:00
46,19.133649,72.897329,09:30:00-12:00:00
47,19.117626,72.932769,07:00:00-09:30:00
49,19.120273,72.937936,07:00:00-09:30:00
50,19.128002,72.868247,07:00:00-09:30:00
52,19.11011,72.849647,07:00:00-09:30:00
53,19.169933,72.936187,12:00:00-14:30:00
54,19.123245,72.855779,07:00:00-09:30:00
55,18.957101,72.807625,09:30:00-12:00:00
56,19.068394,72.8338,09:30:00-12:00:00
57,19.116268,72.90266,09:30:00-12:00:00
58,19.079037,72.894357,07:00:00-09:30:00
59,18.950799,72.837927,09:30:00-12:00:00
60,18.966132,72.838851,09:30:00-12:00:00
61,19.108615,72.889642,07:00:00-09:30:00
62,19.067972,72.823651,09:30:00-12:00:00
63,19.121328,72.897744,09:30:00-12:00:00
64,19.098454,72.845172,09:30:00-12:00:00
65,19.11664,72.903641,09:30:00-12:00:00
66,19.171872,72.962069,09:30:00-12:00:00
67,19.127947,72.929441,09:30:00-12:00:00
68,19.129606,72.933737,12:00:00-14:30:00
69,19.114253,72.850509,09:30:00-12:00:00
70,19.179333,72.941074,12:00:00-14:30:00
71,19.1727,72.959962,07:00:00-09:30:00
72,19.177223,72.965866,12:00:00-14:30:00
73,19.14574,72.933206,07:00:00-09:30:00
74,19.179371,72.941625,12:00:00-14:30:00
75,19.128766,72.858131,09:30:00-12:00:00
76,19.002052,72.812823,09:30:00-12:00:00
77,18.952748,72.802522,09:30:00-12:00:00
78,18.948274,72.794823,09:30:00-12:00:00
79,19.182783,72.948983,09:30:00-12:00:00
80,19.024694,72.835658,09:30:00-12:00:00
81,18.993624,72.831223,09:30:00-12:00:00
82,19.135361,72.917536,09:30:00-12:00:00
84,18.953859,72.821313,07:00:00-09:30:00
85,19.064221,72.829602,07:00:00-09:30:00
86,19.126334,72.859093,07:00:00-09:30:00
87,19.16496,72.966523,07:00:00-09:30:00
88,19.031712,72.838716,07:00:00-09:30:00
89,18.988214,72.836759,09:30:00-12:00:00
90,19.108017,72.928596,07:00:00-09:30:00
91,19.164424,72.939736,12:00:00-14:30:00
92,18.955016,72.815982,09:30:00-12:00:00
93,19.059761,72.829669,09:30:00-12:00:00
94,19.017381,72.828021,09:30:00-12:00:00
95,19.167655,72.943136,09:30:00-12:00:00
96,19.113272,72.9337,07:00:00-09:30:00
97,19.095972,72.919097,12:00:00-14:30:00
98,18.954595,72.833268,09:30:00-12:00:00
99,18.939528,72.824427,07:00:00-09:30:00
100,19.043328,72.844511,09:30:00-12:00:00
101,19.168123,72.930923,07:00:00-09:30:00
102,19.111088,72.847625,09:30:00-12:00:00
103,18.922937,72.8305,09:30:00-12:00:00
104,19.06328,72.85104,09:30:00-12:00:00
105,19.096661,72.92391,07:00:00-09:30:00
106,19.05807,72.825353,09:30:00-12:00:00
107,19.16334,72.94864,12:00:00-14:30:00
108,19.115666,72.901639,09:30:00-12:00:00
109,19.166761,72.937383,07:00:00-09:30:00
110,19.166633,72.9611,12:00:00-14:30:00
111,19.122716,72.941316,07:00:00-09:30:00
112,19.156888,72.940617,07:00:00-09:30:00
113,19.016758,72.824541,09:30:00-12:00:00
114,19.117127,72.926949,09:30:00-12:00:00
115,19.136645,72.932075,07:00:00-09:30:00
116,19.111231,72.901647,07:00:00-09:30:00
117,19.112069,72.934898,09:30:00-12:00:00
118,18.977982,72.831399,07:00:00-09:30:00
119,19.108766,72.88976,09:30:00-12:00:00
120,19.147536,72.939455,12:00:00-14:30:00
121,19.016977,72.818161,09:30:00-12:00:00
122,19.049425,72.826969,09:30:00-12:00:00
123,18.916688,72.818511,07:00:00-09:30:00
124,19.102482,72.852115,09:30:00-12:00:00
125,19.105947,72.899222,09:30:00-12:00:00
126,19.112547,72.898664,09:30:00-12:00:00
127,18.952923,72.801796,07:00:00-09:30:00
128,18.965576,72.805415,07:00:00-09:30:00
129,19.184461,72.948065,09:30:00-12:00:00
130,19.170771,72.931477,09:30:00-12:00:00
131,18.963885,72.813098,07:00:00-09:30:00
132,18.969034,72.812128,09:30:00-12:00:00
133,19.165417,72.935099,09:30:00-12:00:00
134,19.018004,72.837464,07:00:00-09:30:00
135,18.953759,72.822857,09:30:00-12:00:00
136,18.942869,72.828423,07:00:00-09:30:00
137,19.057729,72.830639,09:30:00-12:00:00
138,19.118752,72.937423,12:00:00-14:30:00
139,19.059005,72.825828,07:00:00-09:30:00
140,19.079163,72.850261,09:30:00-12:00:00
141,18.996819,72.828907,09:30:00-12:00:00
142,19.172948,72.942298,09:30:00-12:00:00
143,19.118899,72.908275,09:30:00-12:00:00
144,18.989525,72.813483,09:30:00-12:00:00
145,19.071048,72.838915,07:00:00-09:30:00
146,19.163426,72.940416,09:30:00-12:00:00
147,18.950305,72.82681,07:00:00-09:30:00
148,19.06351,72.858768,09:30:00-12:00:00
149,19.048071,72.821706,07:00:00-09:30:00
150,18.970945,72.817563,09:30:00-12:00:00
151,19.114211,72.847538,07:00:00-09:30:00
152,19.162765,72.943311,07:00:00-09:30:00
153,18.968103,72.819329,07:00:00-09:30:00
154,18.952787,72.823103,07:00:00-09:30:00
155,19.179552,72.938421,09:30:00-12:00:00
156,19.106049,72.897271,09:30:00-12:00:00
157,19.078033,72.859172,09:30:00-12:00:00
158,19.137426,72.867981,07:00:00-09:30:00
159,18.980093,72.830641,07:00:00-09:30:00
160,19.123708,72.908798,07:00:00-09:30:00
162,19.058514,72.824605,07:00:00-09:30:00
163,19.088057,72.903376,09:30:00-12:00:00
164,19.179965,72.941376,09:30:00-12:00:00
165,18.975648,72.830477,09:30:00-12:00:00
166,19.163677,72.955077,09:30:00-12:00:00
167,19.134822,72.924648,09:30:00-12:00:00
168,19.052097,72.828462,07:00:00-09:30:00
169,18.96618,72.807147,07:00:00-09:30:00
171,19.10032,72.892764,09:30:00-12:00:00
172,19.171872,72.962069,09:30:00-12:00:00
173,19.036085,72.847634,09:30:00-12:00:00
174,19.149993,72.948454,09:30:00-12:00:00
175,18.958682,72.81598,09:30:00-12:00:00
176,19.165851,72.943561,07:00:00-09:30:00
177,19.117626,72.932769,12:00:00-14:30:00
178,18.958682,72.81598,09:30:00-12:00:00
179,19.165272,72.957574,12:00:00-14:30:00
180,19.12968,72.938836,07:00:00-09:30:00
181,19.120535,72.89533,09:30:00-12:00:00
182,19.168015,72.947729,09:30:00-12:00:00
183,19.115549,72.937586,07:00:00-09:30:00
184,19.003193,72.819237,07:00:00-09:30:00
185,19.096712,72.917498,07:00:00-09:30:00
186,18.958093,72.815164,07:00:00-09:30:00
187,19.076239,72.86206,07:00:00-09:30:00
188,18.956866,72.82293,07:00:00-09:30:00
189,19.160406,72.944532,09:30:00-12:00:00
190,19.157038,72.93779,07:00:00-09:30:00
191,18.966245,72.840931,09:30:00-12:00:00
192,19.03917,72.842436,09:30:00-12:00:00
193,19.181798,72.948087,09:30:00-12:00:00
194,19.029062,72.839114,07:00:00-09:30:00
195,18.995507,72.83135,07:00:00-09:30:00
196,18.997069,72.82735,07:00:00-09:30:00
197,19.018051,72.852494,07:00:00-09:30:00
198,19.078926,72.857994,07:00:00-09:30:00
199,19.126152,72.921528,12:00:00-14:30:00
200,19.011103,72.846541,09:30:00-12:00:00
201,19.004333,72.823668,07:00:00-09:30:00
202,19.169336,72.94542,09:30:00-12:00:00
203,19.111763,72.860718,09:30:00-12:00:00
205,18.977465,72.824978,09:30:00-12:00:00
206,19.007039,72.840078,07:00:00-09:30:00
207,19.119589,72.932042,12:00:00-14:30:00
208,18.956981,72.820598,09:30:00-12:00:00
209,19.120951,72.929239,09:30:00-12:00:00
210,19.080166,72.850404,09:30:00-12:00:00
211,19.158489,72.947391,09:30:00-12:00:00
212,19.17628,72.94266,07:00:00-09:30:00
213,19.102077,72.912835,07:00:00-09:30:00
214,19.170771,72.931477,09:30:00-12:00:00
216,19.168457,72.937699,09:30:00-12:00:00
217,18.964118,72.804326,07:00:00-09:30:00
218,19.163426,72.940416,09:30:00-12:00:00
219,19.168827,72.967141,07:00:00-09:30:00
220,19.100539,72.915121,09:30:00-12:00:00
221,19.046729,72.84084,07:00:00-09:30:00
222,18.935132,72.826759,09:30:00-12:00:00
223,18.967979,72.80818,07:00:00-09:30:00
224,19.107932,72.929077,09:30:00-12:00:00
226,19.044595,72.822573,07:00:00-09:30:00
227,19.020323,72.848063,07:00:00-09:30:00
229,19.177981,72.958975,09:30:00-12:00:00
230,19.021643,72.85014,09:30:00-12:00:00
231,18.992657,72.841859,09:30:00-12:00:00
232,19.120298,72.899141,12:00:00-14:30:00
234,19.180745,72.946735,09:30:00-12:00:00
235,19.137231,72.869121,09:30:00-12:00:00
236,19.099607,72.849288,07:00:00-09:30:00
237,19.166147,72.939249,12:00:00-14:30:00
238,19.00058,72.825899,09:30:00-12:00:00
239,19.093816,72.912166,09:30:00-12:00:00
240,19.149356,72.936811,09:30:00-12:00:00
241,19.018869,72.851618,07:00:00-09:30:00
242,19.108206,72.847664,07:00:00-09:30:00
243,19.018324,72.826485,09:30:00-12:00:00
244,19.009075,72.816502,09:30:00-12:00:00
245,18.967083,72.816759,07:00:00-09:30:00
246,18.985439,72.834562,07:00:00-09:30:00
247,19.098813,72.918188,12:00:00-14:30:00
248,19.01409,72.834597,09:30:00-12:00:00
249,18.952923,72.801796,09:30:00-12:00:00
250,19.133662,72.937014,09:30:00-12:00:00
251,19.106017,72.899961,09:30:00-12:00:00
252,19.146808,72.927906,09:30:00-12:00:00
253,19.011039,72.843871,07:00:00-09:30:00
254,18.958075,72.8282,09:30:00-12:00:00
255,19.005141,72.84036,07:00:00-09:30:00
256,18.973947,72.825029,09:30:00-12:00:00
257,19.010188,72.824391,09:30:00-12:00:00
258,19.107613,72.899218,09:30:00-12:00:00
259,19.107613,72.899218,09:30:00-12:00:00
260,19.09224,72.921257,07:00:00-09:30:00
261,19.035853,72.838601,09:30:00-12:00:00
262,19.097544,72.848732,09:30:00-12:00:00
263,19.170457,72.960281,07:00:00-09:30:00
264,19.064369,72.825492,09:30:00-12:00:00
266,19.107737,72.898207,09:30:00-12:00:00
267,19.171993,72.949632,09:30:00-12:00:00
268,18.989791,72.812642,07:00:00-09:30:00
269,19.078615,72.865902,09:30:00-12:00:00
270,19.088381,72.907153,12:00:00-14:30:00
271,19.022992,72.836753,07:00:00-09:30:00
272,19.0577,72.85044,09:30:00-12:00:00
273,18.955322,72.816605,09:30:00-12:00:00
274,18.980093,72.830641,07:00:00-09:30:00
275,19.114703,72.905015,07:00:00-09:30:00
276,19.051638,72.831436,09:30:00-12:00:00
277,19.175962,72.952199,09:30:00-12:00:00
278,19.053945,72.823429,09:30:00-12:00:00
279,19.074682,72.826516,07:00:00-09:30:00
280,19.017938,72.845874,09:30:00-12:00:00
281,19.136065,72.930047,09:30:00-12:00:00
282,19.109684,72.921074,07:00:00-09:30:00
283,19.116101,72.939413,09:30:00-12:00:00
284,19.13343,72.913268,07:00:00-09:30:00
285,18.989435,72.833385,07:00:00-09:30:00
286,19.111231,72.901647,09:30:00-12:00:00
287,18.948713,72.79764,07:00:00-09:30:00
288,19.020369,72.837014,07:00:00-09:30:00
289,18.999305,72.846794,09:30:00-12:00:00
290,18.958885,72.811376,09:30:00-12:00:00
291,19.112754,72.896646,09:30:00-12:00:00
292,19.159728,72.944383,12:00:00-14:30:00
293,19.015316,72.830644,07:00:00-09:30:00
294,19.126465,72.86396,07:00:00-09:30:00
295,19.100311,72.885884,07:00:00-09:30:00
296,19.116268,72.90266,07:00:00-09:30:00
297,18.951316,72.829762,07:00:00-09:30:00
298,19.129105,72.858836,09:30:00-12:00:00
299,19.108017,72.928596,09:30:00-12:00:00
300,18.973344,72.831951,09:30:00-12:00:00
301,19.003988,72.829027,07:00:00-09:30:00
302,19.139093,72.865474,07:00:00-09:30:00
303,19.112547,72.898664,07:00:00-09:30:00
304,19.075784,72.849925,09:30:00-12:00:00
305,19.164055,72.948039,09:30:00-12:00:00
306,18.996597,72.826425,09:30:00-12:00:00
307,19.075058,72.859334,09:30:00-12:00:00
308,19.083762,72.901512,09:30:00-12:00:00
309,19.026193,72.850857,09:30:00-12:00:00
310,18.992146,72.846563,09:30:00-12:00:00
311,19.165309,72.935936,09:30:00-12:00:00
312,19.158489,72.947391,07:00:00-09:30:00
313,19.165309,72.935936,07:00:00-09:30:00
314,19.108748,72.88957,09:30:00-12:00:00
315,18.971079,72.815585,09:30:00-12:00:00
316,19.096566,72.852099,09:30:00-12:00:00
317,19.178449,72.955927,09:30:00-12:00:00
318,19.133262,72.937727,12:00:00-14:30:00
319,18.911464,72.822674,07:00:00-09:30:00
320,19.046284,72.842679,07:00:00-09:30:00
321,19.035316,72.843371,09:30:00-12:00:00
322,19.036794,72.843676,07:00:00-09:30:00
323,19.168021,72.951799,07:00:00-09:30:00
324,19.158271,72.933138,12:00:00-14:30:00
325,19.017374,72.847315,09:30:00-12:00:00
326,18.958445,72.825065,07:00:00-09:30:00
327,19.101315,72.911555,09:30:00-12:00:00
328,18.972785,72.815139,09:30:00-12:00:00
329,19.123225,72.8953,07:00:00-09:30:00
330,18.95949,72.835469,09:30:00-12:00:00
332,18.963029,72.813397,09:30:00-12:00:00
333,19.060574,72.85044,12:00:00-14:30:00
334,18.969149,72.823253,07:00:00-09:30:00
335,19.066809,72.847499,09:30:00-12:00:00
336,19.162928,72.954634,09:30:00-12:00:00
337,19.11661,72.889522,09:30:00-12:00:00
338,19.066119,72.825953,09:30:00-12:00:00
339,19.073865,72.832323,09:30:00-12:00:00
340,19.11894,72.908823,12:00:00-14:30:00
341,19.116994,72.891654,09:30:00-12:00:00
342,19.128496,72.864594,09:30:00-12:00:00
343,19.186396,72.942119,07:00:00-09:30:00
344,18.993028,72.83905,09:30:00-12:00:00
345,19.120535,72.89533,07:00:00-09:30:00
346,19.119104,72.894722,09:30:00-12:00:00
347,19.100429,72.88607,09:30:00-12:00:00
348,19.11543,72.887501,09:30:00-12:00:00
349,18.958075,72.8282,09:30:00-12:00:00
350,19.010747,72.850837,09:30:00-12:00:00
351,19.015528,72.827313,07:00:00-09:30:00
352,19.129611,72.933354,09:30:00-12:00:00
353,19.013102,72.820211,09:30:00-12:00:00
354,19.14229,72.927601,09:30:00-12:00:00
355,19.165907,72.957117,09:30:00-12:00:00
356,18.980214,72.828111,09:30:00-12:00:00
357,18.959695,72.818121,07:00:00-09:30:00
358,19.072718,72.858685,07:00:00-09:30:00
359,19.136645,72.932075,07:00:00-09:30:00
360,18.993279,72.837703,09:30:00-12:00:00
361,19.107819,72.848604,09:30:00-12:00:00
362,18.990338,72.842395,09:30:00-12:00:00
363,19.133873,72.936439,09:30:00-12:00:00
364,19.11634,72.901299,07:00:00-09:30:00
365,19.169393,72.966277,09:30:00-12:00:00
366,19.117122,72.925571,12:00:00-14:30:00
367,19.136645,72.932075,07:00:00-09:30:00
368,19.111835,72.927901,09:30:00-12:00:00
369,19.163715,72.947546,09:30:00-12:00:00
370,19.05188,72.823014,09:30:00-12:00:00
371,19.036086,72.844768,09:30:00-12:00:00
372,19.004333,72.823668,09:30:00-12:00:00
373,19.00313,72.848779,07:00:00-09:30:00
374,19.081665,72.855814,07:00:00-09:30:00
375,18.958115,72.83618,09:30:00-12:00:00
376,19.087518,72.909789,09:30:00-12:00:00
377,19.113234,72.910634,09:30:00-12:00:00
380,19.069644,72.836302,07:00:00-09:30:00
381,19.170631,72.942946,07:00:00-09:30:00
382,18.979676,72.814949,07:00:00-09:30:00
383,19.100429,72.88607,09:30:00-12:00:00
384,19.075777,72.863439,07:00:00-09:30:00
385,19.037841,72.846978,09:30:00-12:00:00
386,19.103785,72.927321,09:30:00-12:00:00
387,19.178449,72.955927,12:00:00-14:30:00
388,19.173884,72.933408,09:30:00-12:00:00
389,19.145196,72.933293,09:30:00-12:00:00
390,19.106385,72.897854,07:00:00-09:30:00
391,19.031712,72.838716,09:30:00-12:00:00
392,18.973348,72.816657,07:00:00-09:30:00
393,19.142196,72.930857,12:00:00-14:30:00
394,19.109979,72.922247,09:30:00-12:00:00
395,19.001746,72.838578,07:00:00-09:30:00
396,19.145426,72.93436,09:30:00-12:00:00
397,18.96662,72.83908,09:30:00-12:00:00
398,19.074279,72.868101,09:30:00-12:00:00
399,18.991236,72.834229,07:00:00-09:30:00
400,19.06023,72.852605,09:30:00-12:00:00
401,19.153549,72.932798,12:00:00-14:30:00
402,18.949181,72.82838,09:30:00-12:00:00
403,19.03481,72.84477,07:00:00-09:30:00
404,18.965165,72.814007,09:30:00-12:00:00
405,18.989281,72.842871,09:30:00-12:00:00
406,19.164134,72.944849,12:00:00-14:30:00
407,19.005647,72.828967,09:30:00-12:00:00
408,19.010508,72.824407,07:00:00-09:30:00
409,18.956701,72.828943,09:30:00-12:00:00
410,19.082619,72.896253,09:30:00-12:00:00
411,19.157038,72.93779,12:00:00-14:30:00
413,18.995162,72.826346,09:30:00-12:00:00
414,18.953232,72.837563,09:30:00-12:00:00
415,19.159471,72.932318,09:30:00-12:00:00
416,19.179617,72.958736,07:00:00-09:30:00
417,19.070858,72.829565,09:30:00-12:00:00
418,19.005202,72.820544,09:30:00-12:00:00
419,19.111809,72.930471,12:00:00-14:30:00
420,19.147536,72.939455,12:00:00-14:30:00
421,19.090369,72.862752,09:30:00-12:00:00
422,19.00446,72.850025,09:30:00-12:00:00
423,18.990342,72.839645,09:30:00-12:00:00
424,18.953226,72.823599,07:00:00-09:30:00
426,19.178449,72.955927,09:30:00-12:00:00
427,18.967628,72.808463,09:30:00-12:00:00
428,19.165552,72.936169,12:00:00-14:30:00
429,18.967083,72.816759,09:30:00-12:00:00
430,19.095972,72.919097,07:00:00-09:30:00
431,18.989196,72.843372,09:30:00-12:00:00
432,19.011435,72.834588,09:30:00-12:00:00
433,19.141891,72.931431,12:00:00-14:30:00
434,19.024047,72.842004,07:00:00-09:30:00
435,19.130341,72.937521,09:30:00-12:00:00
436,19.121508,72.897572,09:30:00-12:00:00
437,19.168134,72.942366,07:00:00-09:30:00
438,18.981247,72.842197,09:30:00-12:00:00
439,18.964627,72.84454,09:30:00-12:00:00
440,19.025794,72.841401,07:00:00-09:30:00
441,19.184089,72.943727,09:30:00-12:00:00
442,19.122005,72.914995,09:30:00-12:00:00
443,19.114999,72.846818,09:30:00-12:00:00
444,19.103785,72.927321,12:00:00-14:30:00
445,19.093252,72.922064,09:30:00-12:00:00
446,19.147488,72.934644,12:00:00-14:30:00
447,19.108044,72.913853,09:30:00-12:00:00
448,19.003322,72.829979,07:00:00-09:30:00
449,19.00456,72.847758,09:30:00-12:00:00
450,19.172056,72.956292,09:30:00-12:00:00
451,19.001096,72.821799,09:30:00-12:00:00
452,18.99521,72.828746,09:30:00-12:00:00
453,19.111474,72.897702,09:30:00-12:00:00
454,19.183203,72.938305,09:30:00-12:00:00
455,19.059598,72.852543,07:00:00-09:30:00
456,19.126905,72.848985,09:30:00-12:00:00
458,19.15278,72.942415,09:30:00-12:00:00
459,19.096712,72.917498,09:30:00-12:00:00
460,18.970211,72.809552,07:00:00-09:30:00
461,19.105354,72.898005,07:00:00-09:30:00
462,19.148642,72.939597,07:00:00-09:30:00
463,19.037674,72.846458,09:30:00-12:00:00
464,19.074443,72.860487,09:30:00-12:00:00
465,18.951736,72.827753,09:30:00-12:00:00
466,18.951005,72.820813,09:30:00-12:00:00
467,19.118901,72.913112,09:30:00-12:00:00
468,19.089073,72.902282,09:30:00-12:00:00
469,19.000248,72.844933,09:30:00-12:00:00
470,19.075508,72.864633,09:30:00-12:00:00
471,19.052355,72.825123,07:00:00-09:30:00
472,19.152719,72.947224,12:00:00-14:30:00
473,19.096712,72.917498,09:30:00-12:00:00
474,18.948764,72.828916,09:30:00-12:00:00
475,19.136401,72.935726,07:00:00-09:30:00
476,19.09216,72.883005,07:00:00-09:30:00
477,19.136645,72.932075,09:30:00-12:00:00
478,19.074611,72.866064,07:00:00-09:30:00
479,18.995278,72.833939,09:30:00-12:00:00
480,19.104438,72.897158,09:30:00-12:00:00
481,19.093844,72.922618,07:00:00-09:30:00
482,19.186611,72.945827,09:30:00-12:00:00
483,19.167199,72.941904,09:30:00-12:00:00
484,19.137089,72.931477,07:00:00-09:30:00
485,19.179617,72.958736,09:30:00-12:00:00
486,18.953539,72.816533,09:30:00-12:00:00
487,18.953545,72.81679,09:30:00-12:00:00
488,18.951285,72.82263,09:30:00-12:00:00
489,19.172732,72.934268,07:00:00-09:30:00
490,19.01031,72.836289,07:00:00-09:30:00
491,18.998493,72.830685,07:00:00-09:30:00
492,19.031712,72.838716,09:30:00-12:00:00
493,19.079951,72.869444,09:30:00-12:00:00
494,18.995462,72.839193,09:30:00-12:00:00
495,19.186335,72.946847,12:00:00-14:30:00
496,19.051677,72.830899,09:30:00-12:00:00
497,19.164282,72.944795,09:30:00-12:00:00
498,19.096955,72.889208,07:00:00-09:30:00
499,19.140364,72.93329,12:00:00-14:30:00
500,19.003268,72.813478,07:00:00-09:30:00
501,19.07165,72.830954,09:30:00-12:00:00
502,19.166673,72.954726,09:30:00-12:00:00
503,19.067403,72.8389,09:30:00-12:00:00
504,19.174059,72.966057,09:30:00-12:00:00
505,19.110853,72.863048,09:30:00-12:00:00
506,19.034641,72.842605,09:30:00-12:00:00
508,19.136284,72.918019,12:00:00-14:30:00
509,19.168553,72.967008,09:30:00-12:00:00
510,19.170195,72.95434,07:00:00-09:30:00
511,18.949423,72.800507,07:00:00-09:30:00
512,18.944983,72.830982,09:30:00-12:00:00
513,18.958729,72.813578,07:00:00-09:30:00
514,18.995714,72.845766,09:30:00-12:00:00
515,19.029284,72.837885,09:30:00-12:00:00
516,18.957095,72.799773,07:00:00-09:30:00
517,19.075864,72.863806,09:30:00-12:00:00
518,18.997388,72.814597,09:30:00-12:00:00
519,18.995188,72.821199,07:00:00-09:30:00
520,19.074282,72.835404,07:00:00-09:30:00
521,19.048284,72.825031,07:00:00-09:30:00
522,19.123393,72.913112,09:30:00-12:00:00
523,19.078315,72.856625,09:30:00-12:00:00
524,18.990012,72.834398,09:30:00-12:00:00
525,19.083325,72.843624,09:30:00-12:00:00
526,19.108766,72.84852,07:00:00-09:30:00
527,19.031981,72.847209,07:00:00-09:30:00
528,19.124483,72.928672,12:00:00-14:30:00
529,19.110973,72.848601,07:00:00-09:30:00
530,19.099558,72.916623,12:00:00-14:30:00
531,19.147019,72.949061,12:00:00-14:30:00
532,19.173612,72.964811,09:30:00-12:00:00
533,19.097773,72.884593,07:00:00-09:30:00
534,19.064682,72.824551,07:00:00-09:30:00
535,19.10553,72.8986,07:00:00-09:30:00
536,18.969317,72.844633,09:30:00-12:00:00
537,19.13069,72.932215,07:00:00-09:30:00
538,19.148362,72.944597,07:00:00-09:30:00
539,18.949897,72.794823,09:30:00-12:00:00
540,19.15153,72.927924,09:30:00-12:00:00
541,19.187078,72.945188,09:30:00-12:00:00
542,19.102077,72.912835,09:30:00-12:00:00
543,19.05807,72.825353,09:30:00-12:00:00
544,19.054339,72.833652,09:30:00-12:00:00
545,19.102775,72.928672,07:00:00-09:30:00
546,19.055315,72.837623,07:00:00-09:30:00
547,19.128002,72.868247,09:30:00-12:00:00
548,19.17567,72.955861,09:30:00-12:00:00
549,18.993602,72.842751,07:00:00-09:30:00
550,18.992032,72.838111,07:00:00-09:30:00
551,19.136273,72.869696,09:30:00-12:00:00
552,19.001775,72.816887,07:00:00-09:30:00
553,18.965289,72.844623,07:00:00-09:30:00
554,19.011651,72.848344,09:30:00-12:00:00
555,19.031374,72.838006,09:30:00-12:00:00
557,18.963619,72.831484,07:00:00-09:30:00
558,19.015316,72.830644,09:30:00-12:00:00
559,19.135478,72.93437,09:30:00-12:00:00
561,19.106967,72.8622,09:30:00-12:00:00
562,18.999182,72.846147,07:00:00-09:30:00
563,19.100768,72.917809,07:00:00-09:30:00
564,19.107879,72.897226,07:00:00-09:30:00
565,19.100688,72.915235,07:00:00-09:30:00
566,19.173116,72.964511,12:00:00-14:30:00
567,19.128301,72.869871,09:30:00-12:00:00
568,19.147661,72.947552,09:30:00-12:00:00
569,18.952073,72.826346,07:00:00-09:30:00
571,19.105869,72.919551,12:00:00-14:30:00
572,19.114159,72.894194,09:30:00-12:00:00
573,19.120103,72.912051,12:00:00-14:30:00
574,19.100311,72.885884,07:00:00-09:30:00
575,19.016852,72.825976,09:30:00-12:00:00
576,19.069336,72.83545,09:30:00-12:00:00
577,19.186813,72.942532,07:00:00-09:30:00
578,19.023154,72.854496,09:30:00-12:00:00
579,19.035231,72.845441,07:00:00-09:30:00
580,19.115509,72.856889,07:00:00-09:30:00
581,18.91269,72.822314,07:00:00-09:30:00
582,19.097209,72.91966,09:30:00-12:00:00
584,18.957952,72.821845,07:00:00-09:30:00
585,18.925579,72.830562,07:00:00-09:30:00
586,19.102753,72.885956,09:30:00-12:00:00
587,18.976827,72.812081,09:30:00-12:00:00
588,19.151433,72.94685,09:30:00-12:00:00
589,19.11538,72.909144,09:30:00-12:00:00
590,19.173612,72.964811,12:00:00-14:30:00
591,19.113557,72.910039,09:30:00-12:00:00
592,19.116855,72.889333,07:00:00-09:30:00
593,18.98108,72.836184,09:30:00-12:00:00
594,19.029888,72.839884,09:30:00-12:00:00
595,19.004997,72.848402,09:30:00-12:00:00
596,19.077292,72.85785,07:00:00-09:30:00
597,19.104586,72.849627,07:00:00-09:30:00
598,19.11504,72.900681,09:30:00-12:00:00
599,19.102119,72.912164,07:00:00-09:30:00
600,19.158847,72.936375,09:30:00-12:00:00
601,19.118106,72.895492,09:30:00-12:00:00
602,19.032063,72.841944,09:30:00-12:00:00
603,19.166146,72.95577,12:00:00-14:30:00
604,19.115689,72.905565,12:00:00-14:30:00
605,18.954669,72.823598,09:30:00-12:00:00
606,19.115549,72.937586,09:30:00-12:00:00
607,18.954188,72.832007,07:00:00-09:30:00
608,18.992721,72.836278,09:30:00-12:00:00
609,19.145592,72.930529,09:30:00-12:00:00
610,19.170374,72.960578,09:30:00-12:00:00
611,18.98146,72.826795,09:30:00-12:00:00
612,19.105231,72.89722,09:30:00-12:00:00
613,19.006833,72.821637,07:00:00-09:30:00
614,19.111506,72.853278,09:30:00-12:00:00
615,19.138143,72.870143,07:00:00-09:30:00
616,19.119377,72.894006,09:30:00-12:00:00
617,19.040667,72.840124,09:30:00-12:00:00
618,19.057559,72.830812,09:30:00-12:00:00
619,19.134023,72.929972,12:00:00-14:30:00
620,19.125586,72.861872,09:30:00-12:00:00
621,19.170184,72.963314,07:00:00-09:30:00
622,19.148402,72.928587,07:00:00-09:30:00
623,19.052096,72.830669,07:00:00-09:30:00
624,18.990581,72.813413,09:30:00-12:00:00
625,18.94578,72.827343,07:00:00-09:30:00
626,19.167932,72.933623,12:00:00-14:30:00
627,19.088057,72.903376,12:00:00-14:30:00
628,19.128785,72.863179,07:00:00-09:30:00
629,18.965598,72.803422,07:00:00-09:30:00
630,19.166446,72.939183,07:00:00-09:30:00
631,18.972035,72.824577,09:30:00-12:00:00
632,19.140204,72.931212,09:30:00-12:00:00
633,19.10795,72.861561,07:00:00-09:30:00
634,19.022209,72.842139,07:00:00-09:30:00
635,19.071352,72.832084,09:30:00-12:00:00
636,19.105045,72.850879,09:30:00-12:00:00
637,19.065827,72.837428,07:00:00-09:30:00
638,19.129605,72.870125,09:30:00-12:00:00
639,19.078344,72.871359,09:30:00-12:00:00
640,19.061133,72.846583,07:00:00-09:30:00
641,19.066616,72.834767,09:30:00-12:00:00
642,19.172948,72.942298,09:30:00-12:00:00
643,19.153528,72.937337,09:30:00-12:00:00
644,19.147536,72.939455,12:00:00-14:30:00
645,19.081899,72.845723,07:00:00-09:30:00
646,19.063431,72.859101,12:00:00-14:30:00
647,19.039606,72.838878,07:00:00-09:30:00
648,18.97196,72.817066,07:00:00-09:30:00
649,19.182096,72.947445,07:00:00-09:30:00
650,18.972574,72.842639,09:30:00-12:00:00
651,19.123516,72.891285,09:30:00-12:00:00
652,18.960798,72.838757,07:00:00-09:30:00
653,19.167061,72.954245,07:00:00-09:30:00
654,19.158036,72.93586,09:30:00-12:00:00
656,19.09216,72.883005,07:00:00-09:30:00
657,19.104757,72.848802,09:30:00-12:00:00
658,19.171536,72.952855,09:30:00-12:00:00
659,19.000662,72.844662,09:30:00-12:00:00
660,19.09216,72.883005,07:00:00-09:30:00
661,19.013288,72.831234,09:30:00-12:00:00
662,19.045672,72.819322,07:00:00-09:30:00
663,18.991567,72.84243,09:30:00-12:00:00
664,18.973434,72.809582,07:00:00-09:30:00
665,19.06865,72.823784,09:30:00-12:00:00
666,19.069349,72.830484,09:30:00-12:00:00
667,19.056893,72.833209,09:30:00-12:00:00
668,19.080268,72.850804,09:30:00-12:00:00
669,18.960147,72.815659,09:30:00-12:00:00
670,19.112267,72.933249,07:00:00-09:30:00
671,19.105862,72.897268,07:00:00-09:30:00
672,19.149794,72.949106,12:00:00-14:30:00
673,19.173612,72.964811,09:30:00-12:00:00
674,18.967491,72.815728,07:00:00-09:30:00
675,19.167426,72.945738,07:00:00-09:30:00
676,19.100001,72.847697,09:30:00-12:00:00
677,18.976472,72.82228,09:30:00-12:00:00
678,19.106577,72.897584,07:00:00-09:30:00
679,19.019443,72.828323,09:30:00-12:00:00
680,19.074606,72.866599,09:30:00-12:00:00
682,18.99397,72.836639,09:30:00-12:00:00
683,19.106458,72.889024,09:30:00-12:00:00
684,19.067013,72.851675,12:00:00-14:30:00
685,19.170172,72.961887,09:30:00-12:00:00
686,19.074951,72.8354,09:30:00-12:00:00
687,19.113797,72.903915,09:30:00-12:00:00
688,19.135509,72.908397,07:00:00-09:30:00
689,19.116879,72.895106,07:00:00-09:30:00
691,18.99791,72.83112,09:30:00-12:00:00
692,19.051978,72.826421,09:30:00-12:00:00
693,19.064897,72.823996,07:00:00-09:30:00
694,18.992146,72.846563,09:30:00-12:00:00
695,19.116231,72.907416,09:30:00-12:00:00
696,18.974874,72.812595,09:30:00-12:00:00
697,19.11894,72.908823,09:30:00-12:00:00
698,19.182182,72.944588,07:00:00-09:30:00
699,19.100402,72.918296,09:30:00-12:00:00
700,18.943832,72.82713,09:30:00-12:00:00
701,19.099356,72.916342,09:30:00-12:00:00
702,19.039093,72.841992,09:30:00-12:00:00
703,19.175939,72.965954,07:00:00-09:30:00
704,19.103294,72.926462,07:00:00-09:30:00
705,19.13069,72.932215,12:00:00-14:30:00
706,19.109429,72.889626,09:30:00-12:00:00
707,19.031058,72.845446,07:00:00-09:30:00
708,19.104016,72.899258,07:00:00-09:30:00
709,19.129611,72.933354,09:30:00-12:00:00
710,19.104594,72.899824,09:30:00-12:00:00
711,19.187078,72.945188,09:30:00-12:00:00
712,19.122763,72.895428,09:30:00-12:00:00
713,19.093634,72.849757,09:30:00-12:00:00
714,19.009536,72.825515,09:30:00-12:00:00
715,18.998782,72.82867,09:30:00-12:00:00
716,19.000047,72.817059,07:00:00-09:30:00
717,19.060035,72.833299,09:30:00-12:00:00
718,19.1166,72.886576,09:30:00-12:00:00
719,19.127937,72.860779,09:30:00-12:00:00
720,19.031712,72.838716,09:30:00-12:00:00
721,19.074124,72.869297,09:30:00-12:00:00
722,19.097517,72.883613,09:30:00-12:00:00
723,19.172225,72.965286,09:30:00-12:00:00
724,19.147536,72.939455,12:00:00-14:30:00
725,19.165044,72.963265,09:30:00-12:00:00
726,18.967688,72.840412,09:30:00-12:00:00
727,19.117379,72.940088,09:30:00-12:00:00
728,18.965348,72.814523,09:30:00-12:00:00
730,19.164795,72.944648,12:00:00-14:30:00
731,19.137089,72.931477,09:30:00-12:00:00
732,19.030338,72.843664,09:30:00-12:00:00
733,19.157056,72.95064,09:30:00-12:00:00
734,18.954365,72.82358,09:30:00-12:00:00
735,19.169611,72.958865,09:30:00-12:00:00
736,19.175029,72.965531,09:30:00-12:00:00
737,19.169853,72.96008,09:30:00-12:00:00
739,19.063199,72.861979,09:30:00-12:00:00
740,18.95398,72.797055,09:30:00-12:00:00
741,19.097542,72.882251,09:30:00-12:00:00
742,19.107613,72.899218,09:30:00-12:00:00
743,19.045357,72.837915,09:30:00-12:00:00
744,19.117545,72.886852,09:30:00-12:00:00
745,19.143076,72.930592,09:30:00-12:00:00
746,19.168455,72.964378,07:00:00-09:30:00
747,19.109644,72.922305,12:00:00-14:30:00
748,19.016236,72.820657,09:30:00-12:00:00
749,19.178868,72.95842,07:00:00-09:30:00
750,19.069753,72.839109,09:30:00-12:00:00
751,19.120273,72.937936,07:00:00-09:30:00
752,19.005647,72.828967,09:30:00-12:00:00
754,18.966468,72.812635,07:00:00-09:30:00
755,19.003953,72.849886,09:30:00-12:00:00
756,19.059047,72.830177,09:30:00-12:00:00
757,19.104594,72.899824,07:00:00-09:30:00
758,19.066018,72.847694,07:00:00-09:30:00
759,19.059421,72.83051,07:00:00-09:30:00
760,19.133231,72.937974,07:00:00-09:30:00
761,18.955133,72.833368,09:30:00-12:00:00
762,18.954944,72.822306,07:00:00-09:30:00
763,19.172218,72.962598,09:30:00-12:00:00
764,18.970378,72.832441,07:00:00-09:30:00
765,19.18168,72.94948,07:00:00-09:30:00
766,19.119773,72.850109,09:30:00-12:00:00
767,18.999554,72.845542,09:30:00-12:00:00
768,18.977466,72.823573,09:30:00-12:00:00
769,18.945013,72.794348,07:00:00-09:30:00
770,19.157038,72.93779,09:30:00-12:00:00
771,18.955407,72.796963,07:00:00-09:30:00
772,19.111645,72.930267,09:30:00-12:00:00
773,18.916699,72.829186,09:30:00-12:00:00
774,19.11556,72.91177,09:30:00-12:00:00
775,19.07026,72.831008,09:30:00-12:00:00
777,19.104693,72.849648,09:30:00-12:00:00
778,19.091474,72.902406,12:00:00-14:30:00
779,19.077214,72.849714,07:00:00-09:30:00
780,19.123359,72.908494,09:30:00-12:00:00
781,19.107237,72.896697,09:30:00-12:00:00
782,18.990196,72.843055,09:30:00-12:00:00
783,19.09328,72.91385,09:30:00-12:00:00
784,19.06143,72.8314,09:30:00-12:00:00
785,19.166949,72.965884,09:30:00-12:00:00
786,19.128487,72.927367,09:30:00-12:00:00
787,18.957445,72.821555,07:00:00-09:30:00
788,18.988438,72.838471,07:00:00-09:30:00
789,19.145689,72.941941,07:00:00-09:30:00
790,19.124455,72.8545,09:30:00-12:00:00
791,19.039667,72.845815,09:30:00-12:00:00
792,19.162765,72.943311,07:00:00-09:30:00
793,19.020261,72.851427,07:00:00-09:30:00
794,19.112305,72.886499,09:30:00-12:00:00
795,19.028839,72.844855,09:30:00-12:00:00
796,19.172967,72.933636,09:30:00-12:00:00
797,19.016231,72.838067,09:30:00-12:00:00
798,18.97881,72.8294,09:30:00-12:00:00
799,19.169044,72.968435,07:00:00-09:30:00
800,19.158271,72.933138,09:30:00-12:00:00
801,19.183678,72.951139,09:30:00-12:00:00
802,19.093252,72.922064,07:00:00-09:30:00
803,18.984209,72.820075,09:30:00-12:00:00
804,18.948932,72.825168,07:00:00-09:30:00
805,19.107237,72.896697,09:30:00-12:00:00
806,19.174683,72.950484,12:00:00-14:30:00
807,19.117329,72.887311,09:30:00-12:00:00
808,19.167957,72.946946,09:30:00-12:00:00
809,19.149773,72.948952,09:30:00-12:00:00
810,19.110362,72.927543,09:30:00-12:00:00
811,19.096526,72.907875,07:00:00-09:30:00
812,19.1137,72.907709,09:30:00-12:00:00
813,19.029888,72.839884,09:30:00-12:00:00
814,19.129144,72.858471,09:30:00-12:00:00
815,19.015024,72.845328,09:30:00-12:00:00
816,18.959372,72.838693,07:00:00-09:30:00
817,19.108492,72.897434,09:30:00-12:00:00
818,19.051572,72.834631,09:30:00-12:00:00
819,19.061013,72.835107,09:30:00-12:00:00
820,18.938749,72.824528,07:00:00-09:30:00
821,19.128487,72.927367,09:30:00-12:00:00
822,19.109131,72.862228,09:30:00-12:00:00
823,19.173116,72.964511,09:30:00-12:00:00
824,19.072002,72.822942,07:00:00-09:30:00
825,19.091213,72.883809,09:30:00-12:00:00
826,19.174547,72.968537,07:00:00-09:30:00
827,18.954595,72.833268,09:30:00-12:00:00
828,18.993989,72.834769,09:30:00-12:00:00
829,19.0046,72.849374,09:30:00-12:00:00
830,19.062015,72.828584,09:30:00-12:00:00
831,19.107717,72.898945,09:30:00-12:00:00
833,19.018862,72.84804,09:30:00-12:00:00
834,19.175434,72.958328,09:30:00-12:00:00
835,19.018364,72.84125,09:30:00-12:00:00
836,18.95971,72.833156,09:30:00-12:00:00
837,19.069567,72.831769,07:00:00-09:30:00
838,19.140858,72.933322,09:30:00-12:00:00
840,19.134023,72.929972,07:00:00-09:30:00
841,19.182783,72.948983,12:00:00-14:30:00
842,19.11211,72.898355,09:30:00-12:00:00
843,19.045455,72.820645,07:00:00-09:30:00
844,18.91096,72.806657,09:30:00-12:00:00
845,19.146594,72.93604,09:30:00-12:00:00
846,19.060574,72.85044,07:00:00-09:30:00
847,18.992146,72.846563,07:00:00-09:30:00
848,19.162374,72.947106,09:30:00-12:00:00
849,19.110167,72.921258,12:00:00-14:30:00
850,19.173669,72.934662,12:00:00-14:30:00
851,19.166365,72.944842,07:00:00-09:30:00
852,19.178449,72.955927,07:00:00-09:30:00
853,19.182783,72.948983,07:00:00-09:30:00
854,18.972766,72.825871,09:30:00-12:00:00
855,19.102881,72.893623,07:00:00-09:30:00
856,19.094063,72.843778,09:30:00-12:00:00
857,19.039277,72.844507,09:30:00-12:00:00
858,19.156782,72.950823,07:00:00-09:30:00
859,19.085376,72.893246,12:00:00-14:30:00
861,19.159949,72.930864,12:00:00-14:30:00
862,19.098945,72.892506,09:30:00-12:00:00
863,18.954569,72.818668,09:30:00-12:00:00
864,19.165039,72.943298,09:30:00-12:00:00
865,19.048233,72.82623,07:00:00-09:30:00
866,18.955322,72.816605,09:30:00-12:00:00
867,18.956011,72.830626,07:00:00-09:30:00
868,19.124745,72.849563,09:30:00-12:00:00
869,19.104126,72.858425,07:00:00-09:30:00
870,18.962388,72.817882,09:30:00-12:00:00
871,19.129865,72.938421,07:00:00-09:30:00
872,19.153366,72.942504,09:30:00-12:00:00
873,18.955161,72.825578,09:30:00-12:00:00
874,19.012541,72.829254,09:30:00-12:00:00
875,19.142015,72.930369,12:00:00-14:30:00
876,19.144954,72.937659,09:30:00-12:00:00
877,19.106987,72.902597,09:30:00-12:00:00
878,19.160406,72.944532,09:30:00-12:00:00
879,19.181063,72.947751,09:30:00-12:00:00
880,19.166147,72.939249,09:30:00-12:00:00
881,19.046428,72.841341,07:00:00-09:30:00
882,19.080666,72.892416,09:30:00-12:00:00
883,19.071963,72.834751,07:00:00-09:30:00
884,19.183475,72.938098,12:00:00-14:30:00
885,19.079269,72.852979,07:00:00-09:30:00
886,19.085959,72.89473,07:00:00-09:30:00
887,19.105947,72.899222,07:00:00-09:30:00
888,19.137426,72.867981,09:30:00-12:00:00
889,19.100338,72.910823,09:30:00-12:00:00
890,19.108452,72.889208,09:30:00-12:00:00
891,19.186611,72.945827,09:30:00-12:00:00
892,19.077326,72.867147,07:00:00-09:30:00
893,18.969499,72.825149,09:30:00-12:00:00
894,18.969965,72.803614,09:30:00-12:00:00
895,18.975113,72.825171,07:00:00-09:30:00
896,19.098813,72.918188,07:00:00-09:30:00
897,19.141543,72.939344,07:00:00-09:30:00
898,19.095975,72.848637,07:00:00-09:30:00
899,19.136065,72.930047,09:30:00-12:00:00
900,18.976817,72.83418,09:30:00-12:00:00
901,19.129803,72.935399,07:00:00-09:30:00
902,19.029925,72.837632,09:30:00-12:00:00
903,19.055952,72.828279,09:30:00-12:00:00
904,18.962548,72.815428,09:30:00-12:00:00
905,19.163715,72.947546,07:00:00-09:30:00
906,18.954365,72.82358,07:00:00-09:30:00
907,19.125689,72.919962,09:30:00-12:00:00
908,19.01342,72.830708,09:30:00-12:00:00
909,18.976443,72.840711,07:00:00-09:30:00
910,19.003586,72.829691,09:30:00-12:00:00
911,19.169668,72.961993,09:30:00-12:00:00
912,19.108017,72.928596,12:00:00-14:30:00
913,19.100574,72.890662,09:30:00-12:00:00
914,19.0746,72.863071,09:30:00-12:00:00
915,19.004333,72.823668,07:00:00-09:30:00
916,18.998477,72.84309,07:00:00-09:30:00
917,19.136645,72.932075,07:00:00-09:30:00
918,19.081941,72.85034,09:30:00-12:00:00
919,19.090806,72.907667,09:30:00-12:00:00
920,19.073324,72.86221,09:30:00-12:00:00
921,19.180845,72.946926,09:30:00-12:00:00
922,19.112267,72.933249,07:00:00-09:30:00
923,19.129849,72.93849,12:00:00-14:30:00
924,19.132324,72.934753,09:30:00-12:00:00
925,18.991866,72.846596,07:00:00-09:30:00
926,19.166092,72.935255,09:30:00-12:00:00
928,18.995069,72.839293,09:30:00-12:00:00
929,19.158489,72.947391,07:00:00-09:30:00
930,19.116352,72.913464,09:30:00-12:00:00
931,19.096414,72.849161,07:00:00-09:30:00
932,19.060044,72.836651,07:00:00-09:30:00
933,19.129611,72.933354,09:30:00-12:00:00
934,19.182663,72.954359,09:30:00-12:00:00
935,19.073353,72.862279,09:30:00-12:00:00
936,19.103511,72.889366,09:30:00-12:00:00
937,19.143501,72.930794,07:00:00-09:30:00
938,19.061654,72.830691,09:30:00-12:00:00
939,19.171739,72.962135,12:00:00-14:30:00
940,19.006402,72.824649,09:30:00-12:00:00
941,18.98472,72.837254,07:00:00-09:30:00
942,19.092927,72.865377,07:00:00-09:30:00
943,18.991236,72.834229,09:30:00-12:00:00
944,19.163091,72.933736,09:30:00-12:00:00
945,18.991236,72.834229,09:30:00-12:00:00
946,19.130914,72.936049,09:30:00-12:00:00
947,19.162058,72.949296,12:00:00-14:30:00
948,19.175781,72.947644,09:30:00-12:00:00
949,18.960193,72.82323,09:30:00-12:00:00
950,18.948274,72.794823,07:00:00-09:30:00
951,19.159728,72.944383,09:30:00-12:00:00
952,19.107715,72.898695,09:30:00-12:00:00
953,18.997107,72.825952,07:00:00-09:30:00
954,19.064399,72.843932,07:00:00-09:30:00
955,19.043258,72.842646,09:30:00-12:00:00
956,19.0598,72.8386,09:30:00-12:00:00
957,19.104534,72.845163,07:00:00-09:30:00
958,19.081463,72.850788,09:30:00-12:00:00
959,19.009795,72.834839,07:00:00-09:30:00
960,19.134756,72.905083,07:00:00-09:30:00
961,19.01359,72.842463,07:00:00-09:30:00
962,19.103785,72.927321,07:00:00-09:30:00
963,19.123658,72.921095,09:30:00-12:00:00
964,18.979379,72.820925,07:00:00-09:30:00
965,19.023073,72.841809,07:00:00-09:30:00
966,19.168321,72.968359,09:30:00-12:00:00
967,19.104697,72.851283,07:00:00-09:30:00
968,19.135628,72.899327,12:00:00-14:30:00
969,19.069416,72.829461,07:00:00-09:30:00
970,19.02311,72.836998,07:00:00-09:30:00
971,19.004562,72.845439,09:30:00-12:00:00
972,19.178868,72.95842,07:00:00-09:30:00
973,19.059337,72.823807,07:00:00-09:30:00
974,19.065629,72.863329,09:30:00-12:00:00
975,19.031712,72.838716,09:30:00-12:00:00
976,19.136065,72.930047,12:00:00-14:30:00
977,19.123258,72.893438,07:00:00-09:30:00
978,19.119979,72.893853,09:30:00-12:00:00
979,19.172638,72.941535,09:30:00-12:00:00
980,19.072563,72.844355,09:30:00-12:00:00
981,19.003193,72.819237,09:30:00-12:00:00
982,19.093252,72.922064,07:00:00-09:30:00
983,19.112874,72.899405,07:00:00-09:30:00
984,19.119377,72.894006,09:30:00-12:00:00
986,19.143186,72.925388,12:00:00-14:30:00
987,18.990911,72.83686,07:00:00-09:30:00
988,19.073203,72.832349,09:30:00-12:00:00
989,19.168243,72.948404,07:00:00-09:30:00
990,19.094277,72.84805,09:30:00-12:00:00
991,19.117483,72.849763,07:00:00-09:30:00
992,19.104697,72.851283,07:00:00-09:30:00
993,18.999506,72.838278,07:00:00-09:30:00
994,18.996455,72.817298,09:30:00-12:00:00
996,18.96546,72.839939,09:30:00-12:00:00
997,18.997252,72.820199,09:30:00-12:00:00
998,19.153038,72.942374,09:30:00-12:00:00
999,19.098026,72.884777,09:30:00-12:00:00
1000,19.112133,72.934522,07:00:00-09:30:00
1001,19.046416,72.840139,09:30:00-12:00:00
1002,18.934055,72.825184,09:30:00-12:00:00
1003,19.108421,72.92272,07:00:00-09:30:00
1004,18.952689,72.821314,07:00:00-09:30:00
1005,19.077558,72.849863,07:00:00-09:30:00
1006,19.059436,72.86405,07:00:00-09:30:00
1007,19.074359,72.863319,07:00:00-09:30:00
1008,19.014602,72.828746,09:30:00-12:00:00
1009,19.018136,72.825771,09:30:00-12:00:00
1010,19.001987,72.831562,07:00:00-09:30:00
1011,19.113797,72.903915,09:30:00-12:00:00
1012,19.148632,72.937827,12:00:00-14:30:00
1013,19.158343,72.937477,07:00:00-09:30:00
1014,19.060463,72.832554,07:00:00-09:30:00
1015,19.066043,72.833152,09:30:00-12:00:00
1016,19.145689,72.941941,12:00:00-14:30:00
1017,19.171238,72.932383,09:30:00-12:00:00
1018,19.170285,72.936644,07:00:00-09:30:00
1019,18.994614,72.822724,07:00:00-09:30:00
1020,19.12895,72.930686,07:00:00-09:30:00
1022,19.071615,72.836321,09:30:00-12:00:00
1023,19.113855,72.938603,09:30:00-12:00:00
1024,19.118326,72.902248,09:30:00-12:00:00
1025,19.115666,72.901639,07:00:00-09:30:00
1026,19.078446,72.856656,07:00:00-09:30:00
1027,19.160406,72.944532,07:00:00-09:30:00
1028,19.095708,72.847974,09:30:00-12:00:00
1029,19.005184,72.825239,09:30:00-12:00:00
1030,19.125364,72.852983,09:30:00-12:00:00
1031,19.153028,72.943614,07:00:00-09:30:00
1032,19.070311,72.83703,07:00:00-09:30:00
1033,19.015499,72.823784,09:30:00-12:00:00
1034,18.987909,72.838687,09:30:00-12:00:00
1035,19.098402,72.887839,09:30:00-12:00:00
1036,18.95265,72.8035,07:00:00-09:30:00
1037,19.18464,72.951469,07:00:00-09:30:00
1038,19.134023,72.929972,09:30:00-12:00:00
1039,19.118726,72.91208,09:30:00-12:00:00
1040,19.096252,72.848982,07:00:00-09:30:00
1041,19.169933,72.936187,09:30:00-12:00:00
1042,19.12106,72.898035,09:30:00-12:00:00
1043,18.991509,72.835322,07:00:00-09:30:00
1044,19.117134,72.912823,09:30:00-12:00:00
1045,19.128496,72.864594,07:00:00-09:30:00
1046,18.955075,72.80645,07:00:00-09:30:00
1047,19.168796,72.962819,09:30:00-12:00:00
1048,19.126905,72.848985,09:30:00-12:00:00
1049,19.10038,72.886122,09:30:00-12:00:00
1050,19.119076,72.917311,09:30:00-12:00:00
1051,19.029543,72.84451,07:00:00-09:30:00
1052,19.134367,72.937075,12:00:00-14:30:00
1053,19.183964,72.938048,09:30:00-12:00:00
1054,19.079951,72.869444,07:00:00-09:30:00
1055,19.123258,72.893438,09:30:00-12:00:00
1056,19.149794,72.949106,09:30:00-12:00:00
1057,19.096712,72.917498,12:00:00-14:30:00
1058,19.117433,72.904409,07:00:00-09:30:00
1059,19.102729,72.852028,07:00:00-09:30:00
1060,19.136645,72.932075,07:00:00-09:30:00
1061,19.101315,72.911555,09:30:00-12:00:00
1062,19.115666,72.901639,07:00:00-09:30:00
1063,19.075043,72.836362,07:00:00-09:30:00
1064,18.972589,72.814156,09:30:00-12:00:00
1065,19.07026,72.831008,09:30:00-12:00:00
1066,19.018862,72.84804,07:00:00-09:30:00
1067,18.964972,72.846263,09:30:00-12:00:00
1068,19.149881,72.931165,09:30:00-12:00:00
1069,19.002561,72.848833,09:30:00-12:00:00
1070,18.981103,72.8305,07:00:00-09:30:00
1071,19.182592,72.94345,09:30:00-12:00:00
1072,19.100065,72.847797,07:00:00-09:30:00
1073,19.065434,72.844901,12:00:00-14:30:00
1074,18.965911,72.816813,09:30:00-12:00:00
1075,19.018004,72.837464,07:00:00-09:30:00
1076,19.110901,72.897647,09:30:00-12:00:00
1078,18.987909,72.838687,09:30:00-12:00:00
1079,18.950545,72.796247,09:30:00-12:00:00
1080,19.157271,72.936562,12:00:00-14:30:00
1081,18.993989,72.845178,09:30:00-12:00:00
1082,19.157754,72.950891,12:00:00-14:30:00
1083,19.020843,72.83112,07:00:00-09:30:00
1084,19.179617,72.958736,07:00:00-09:30:00
1085,19.148451,72.93383,09:30:00-12:00:00
1086,19.00413,72.847025,07:00:00-09:30:00
1087,18.963942,72.815804,09:30:00-12:00:00
1088,19.117287,72.889785,09:30:00-12:00:00
1089,18.965519,72.81659,07:00:00-09:30:00
1090,19.119777,72.908701,07:00:00-09:30:00
1091,18.969628,72.844601,09:30:00-12:00:00
1092,19.004333,72.823668,09:30:00-12:00:00
1093,19.102666,72.886462,07:00:00-09:30:00
1094,18.975113,72.825171,07:00:00-09:30:00
1096,19.121882,72.865813,09:30:00-12:00:00
1097,18.94676,72.824667,07:00:00-09:30:00
1098,18.968237,72.815997,09:30:00-12:00:00
1099,19.121486,72.918557,12:00:00-14:30:00
1100,19.177981,72.958975,09:30:00-12:00:00
1101,19.115666,72.901639,09:30:00-12:00:00
1102,19.008499,72.822202,09:30:00-12:00:00
1103,19.15746,72.938547,09:30:00-12:00:00
1104,19.173774,72.961496,09:30:00-12:00:00
1105,19.019416,72.840631,09:30:00-12:00:00
1106,19.039718,72.841084,09:30:00-12:00:00
1107,19.149794,72.949106,07:00:00-09:30:00
1108,18.990934,72.837429,09:30:00-12:00:00
1109,19.121928,72.929375,09:30:00-12:00:00
1110,19.106009,72.899926,07:00:00-09:30:00
1111,19.097621,72.85284,09:30:00-12:00:00
1112,19.166146,72.95577,07:00:00-09:30:00
1113,19.057454,72.833645,07:00:00-09:30:00
1115,19.099978,72.914209,09:30:00-12:00:00
1116,19.100743,72.847787,09:30:00-12:00:00
1117,19.147012,72.933309,12:00:00-14:30:00
1118,19.003268,72.813478,07:00:00-09:30:00
1119,19.122181,72.868881,09:30:00-12:00:00
1120,19.002561,72.848833,07:00:00-09:30:00
1121,19.147488,72.934644,09:30:00-12:00:00
1122,19.148642,72.939597,07:00:00-09:30:00
1123,19.079408,72.852939,07:00:00-09:30:00
1124,19.059545,72.833754,09:30:00-12:00:00
1126,19.14229,72.927601,09:30:00-12:00:00
1127,19.179965,72.941376,09:30:00-12:00:00
1128,19.091215,72.909739,09:30:00-12:00:00
1129,19.097839,72.908942,07:00:00-09:30:00
1130,19.122591,72.859636,07:00:00-09:30:00
1131,19.183137,72.954244,12:00:00-14:30:00
1132,18.995154,72.842317,09:30:00-12:00:00
1133,19.063339,72.856946,09:30:00-12:00:00
1134,19.096218,72.912475,09:30:00-12:00:00
1135,19.107883,72.93353,09:30:00-12:00:00
1136,19.124798,72.893045,09:30:00-12:00:00
1137,18.956866,72.804963,07:00:00-09:30:00
1138,18.974832,72.813271,07:00:00-09:30:00
1139,18.983962,72.836705,09:30:00-12:00:00
1140,19.180198,72.948271,09:30:00-12:00:00
1141,18.959333,72.801252,09:30:00-12:00:00
1142,19.108887,72.862819,07:00:00-09:30:00
1143,19.150739,72.937313,09:30:00-12:00:00
1144,19.173146,72.966046,07:00:00-09:30:00
1145,19.117116,72.901107,09:30:00-12:00:00
1147,18.945558,72.834539,07:00:00-09:30:00
1148,19.068814,72.827771,09:30:00-12:00:00
1149,19.105371,72.86706,09:30:00-12:00:00
1150,19.148642,72.939597,07:00:00-09:30:00
1151,19.068727,72.8347,07:00:00-09:30:00
1152,19.081596,72.847508,07:00:00-09:30:00
1153,18.967448,72.823955,07:00:00-09:30:00
1154,18.966899,72.824305,09:30:00-12:00:00
1155,19.1241,72.870563,07:00:00-09:30:00
1156,19.180845,72.946926,09:30:00-12:00:00
1157,19.076426,72.828978,09:30:00-12:00:00
1158,18.974867,72.825939,07:00:00-09:30:00
1159,19.052362,72.821639,09:30:00-12:00:00
1160,19.167822,72.94764,12:00:00-14:30:00
1161,19.16553,72.953715,07:00:00-09:30:00
1162,19.119104,72.894722,09:30:00-12:00:00
1163,18.993333,72.831192,09:30:00-12:00:00
1164,19.075376,72.83134,09:30:00-12:00:00
1165,19.110725,72.932238,09:30:00-12:00:00
1166,19.083433,72.852967,07:00:00-09:30:00
1167,19.138127,72.869199,09:30:00-12:00:00
1168,19.057688,72.850525,07:00:00-09:30:00
1169,19.016647,72.8506,07:00:00-09:30:00
1170,19.11661,72.889522,07:00:00-09:30:00
1171,19.11776,72.913389,12:00:00-14:30:00
1172,19.07026,72.831008,09:30:00-12:00:00
1173,19.108534,72.850025,09:30:00-12:00:00
1174,18.936412,72.83646,07:00:00-09:30:00
1175,18.953154,72.800236,09:30:00-12:00:00
1176,19.1137,72.907709,12:00:00-14:30:00
1177,19.174162,72.964649,12:00:00-14:30:00
1178,18.967671,72.828723,09:30:00-12:00:00
1179,19.065374,72.837716,07:00:00-09:30:00
1180,19.109593,72.926399,12:00:00-14:30:00
1181,18.956117,72.823933,09:30:00-12:00:00
1182,19.16469,72.955284,07:00:00-09:30:00
1183,19.107613,72.899218,09:30:00-12:00:00
1184,19.100429,72.88607,07:00:00-09:30:00
1185,19.111613,72.856409,07:00:00-09:30:00
1186,18.976472,72.82228,07:00:00-09:30:00
1187,19.118489,72.885214,07:00:00-09:30:00
1188,19.03535,72.847053,07:00:00-09:30:00
1189,19.137753,72.938002,12:00:00-14:30:00
1190,19.100429,72.88607,09:30:00-12:00:00
1191,18.997965,72.818544,09:30:00-12:00:00
1192,19.007707,72.815728,07:00:00-09:30:00
1193,19.105732,72.898438,09:30:00-12:00:00
1194,19.056611,72.835001,09:30:00-12:00:00
1195,19.032488,72.840142,09:30:00-12:00:00
1196,19.158036,72.93586,09:30:00-12:00:00
1197,19.150311,72.941314,09:30:00-12:00:00
1198,19.17116,72.94342,09:30:00-12:00:00
1199,19.160406,72.944532,09:30:00-12:00:00
1200,19.003293,72.850025,07:00:00-09:30:00
1201,19.023484,72.844346,07:00:00-09:30:00
1202,19.164203,72.961974,12:00:00-14:30:00
1203,19.014512,72.825817,09:30:00-12:00:00
1204,19.030733,72.844232,07:00:00-09:30:00
1205,19.058982,72.849748,07:00:00-09:30:00
1206,19.063339,72.856946,09:30:00-12:00:00
1207,19.106987,72.902597,09:30:00-12:00:00
1208,19.019581,72.85054,09:30:00-12:00:00
1209,19.168734,72.949436,12:00:00-14:30:00
1210,19.108104,72.854734,09:30:00-12:00:00
1211,19.005441,72.845453,07:00:00-09:30:00
1212,19.164795,72.944648,09:30:00-12:00:00
1213,19.11556,72.91177,12:00:00-14:30:00
1214,19.167717,72.965917,09:30:00-12:00:00
1215,19.009536,72.825515,07:00:00-09:30:00
1216,19.077914,72.853013,09:30:00-12:00:00
1217,18.952571,72.823653,07:00:00-09:30:00
1218,19.107879,72.920956,12:00:00-14:30:00
1219,19.165463,72.936457,09:30:00-12:00:00
1220,19.064259,72.83407,09:30:00-12:00:00
1221,19.111222,72.930429,07:00:00-09:30:00
1222,19.107715,72.898695,07:00:00-09:30:00
1223,19.167271,72.946292,07:00:00-09:30:00
1225,19.033915,72.840115,09:30:00-12:00:00
1226,19.170874,72.947169,07:00:00-09:30:00
1227,19.019354,72.842067,07:00:00-09:30:00
1228,19.115829,72.901108,07:00:00-09:30:00
1229,19.167572,72.959367,12:00:00-14:30:00
1230,19.027919,72.84348,07:00:00-09:30:00
1231,19.107099,72.898115,09:30:00-12:00:00
1232,18.991509,72.835322,09:30:00-12:00:00
1233,19.111487,72.896225,07:00:00-09:30:00
1234,19.053454,72.823553,09:30:00-12:00:00
1235,18.973344,72.831951,09:30:00-12:00:00
1236,19.031712,72.838716,09:30:00-12:00:00
1237,19.160218,72.931032,12:00:00-14:30:00
1238,19.178868,72.95842,07:00:00-09:30:00
1239,19.097668,72.908036,09:30:00-12:00:00
1240,19.117073,72.909059,12:00:00-14:30:00
1241,18.949737,72.837752,09:30:00-12:00:00
1242,19.157271,72.936562,07:00:00-09:30:00
1243,18.953027,72.822231,09:30:00-12:00:00
1244,18.996459,72.829006,09:30:00-12:00:00
1245,19.075446,72.86172,09:30:00-12:00:00
1246,19.157318,72.94749,12:00:00-14:30:00
1247,19.050239,72.828211,07:00:00-09:30:00
1248,19.172522,72.961691,09:30:00-12:00:00
1250,19.120273,72.937936,07:00:00-09:30:00
1251,19.048332,72.824317,09:30:00-12:00:00
1252,19.091266,72.883703,09:30:00-12:00:00
1253,19.06839,72.825793,09:30:00-12:00:00
1254,19.109979,72.922247,09:30:00-12:00:00
1255,19.101803,72.890353,07:00:00-09:30:00
1256,19.182603,72.941443,12:00:00-14:30:00
1257,19.168322,72.963172,09:30:00-12:00:00
1258,19.018465,72.837225,09:30:00-12:00:00
1259,19.012714,72.822353,07:00:00-09:30:00
1260,19.105732,72.898438,09:30:00-12:00:00
1261,18.995531,72.842621,07:00:00-09:30:00
1262,19.016042,72.836061,09:30:00-12:00:00
1263,19.080051,72.852929,07:00:00-09:30:00
1264,18.994883,72.834753,07:00:00-09:30:00
